,year,race,age,count,binned
0,2015,A,25,1,21-40 Years
1,2015,A,28,2,21-40 Years
2,2015,A,31,1,21-40 Years
3,2015,A,32,1,21-40 Years
4,2015,A,35,2,21-40 Years
5,2015,A,39,2,21-40 Years
6,2015,A,44,1,41-60 Years
7,2015,A,53,1,41-60 Years
8,2015,A,59,1,41-60 Years
9,2015,A,60,1,41-60 Years
10,2015,B,15,1,<=20 Years
11,2015,B,16,3,<=20 Years
12,2015,B,17,1,<=20 Years
13,2015,B,18,7,<=20 Years
14,2015,B,19,8,<=20 Years
15,2015,B,20,11,<=20 Years
16,2015,B,21,10,21-40 Years
17,2015,B,22,4,21-40 Years
18,2015,B,23,11,21-40 Years
19,2015,B,24,12,21-40 Years
20,2015,B,25,18,21-40 Years
21,2015,B,26,8,21-40 Years
22,2015,B,27,11,21-40 Years
23,2015,B,28,11,21-40 Years
24,2015,B,29,12,21-40 Years
25,2015,B,30,10,21-40 Years
26,2015,B,31,9,21-40 Years
27,2015,B,32,5,21-40 Years
28,2015,B,33,7,21-40 Years
29,2015,B,34,9,21-40 Years
30,2015,B,35,6,21-40 Years
31,2015,B,36,9,21-40 Years
32,2015,B,37,6,21-40 Years
33,2015,B,38,5,21-40 Years
34,2015,B,39,6,21-40 Years
35,2015,B,40,3,21-40 Years
36,2015,B,41,5,41-60 Years
37,2015,B,42,5,41-60 Years
38,2015,B,43,3,41-60 Years
39,2015,B,44,2,41-60 Years
40,2015,B,45,4,41-60 Years
41,2015,B,46,3,41-60 Years
42,2015,B,47,1,41-60 Years
43,2015,B,48,3,41-60 Years
44,2015,B,49,2,41-60 Years
45,2015,B,50,1,41-60 Years
46,2015,B,51,3,41-60 Years
47,2015,B,53,3,41-60 Years
48,2015,B,54,1,41-60 Years
49,2015,B,55,2,41-60 Years
50,2015,B,56,1,41-60 Years
51,2015,B,57,2,41-60 Years
52,2015,B,59,1,41-60 Years
53,2015,B,61,1,Over 60 Years
54,2015,B,63,1,Over 60 Years
55,2015,B,64,1,Over 60 Years
56,2015,B,67,1,Over 60 Years
57,2015,B,74,1,Over 60 Years
58,2015,B,77,1,Over 60 Years
59,2015,H,15,1,<=20 Years
60,2015,H,17,2,<=20 Years
61,2015,H,18,3,<=20 Years
62,2015,H,19,3,<=20 Years
63,2015,H,21,5,21-40 Years
64,2015,H,22,8,21-40 Years
65,2015,H,23,7,21-40 Years
66,2015,H,24,7,21-40 Years
67,2015,H,25,6,21-40 Years
68,2015,H,26,4,21-40 Years
69,2015,H,27,9,21-40 Years
70,2015,H,28,10,21-40 Years
71,2015,H,29,9,21-40 Years
72,2015,H,30,3,21-40 Years
73,2015,H,31,6,21-40 Years
74,2015,H,32,5,21-40 Years
75,2015,H,33,5,21-40 Years
76,2015,H,34,7,21-40 Years
77,2015,H,35,9,21-40 Years
78,2015,H,36,6,21-40 Years
79,2015,H,37,4,21-40 Years
80,2015,H,38,2,21-40 Years
81,2015,H,39,6,21-40 Years
82,2015,H,40,6,21-40 Years
83,2015,H,41,3,41-60 Years
84,2015,H,42,4,41-60 Years
85,2015,H,43,2,41-60 Years
86,2015,H,44,2,41-60 Years
87,2015,H,45,4,41-60 Years
88,2015,H,46,3,41-60 Years
89,2015,H,47,3,41-60 Years
90,2015,H,49,3,41-60 Years
91,2015,H,50,3,41-60 Years
92,2015,H,51,2,41-60 Years
93,2015,H,52,1,41-60 Years
94,2015,H,54,1,41-60 Years
95,2015,H,55,2,41-60 Years
96,2015,H,56,1,41-60 Years
97,2015,H,58,1,41-60 Years
98,2015,H,59,2,41-60 Years
99,2015,H,69,1,Over 60 Years
100,2015,N,19,1,<=20 Years
101,2015,N,23,1,21-40 Years
102,2015,N,24,1,21-40 Years
103,2015,N,26,1,21-40 Years
104,2015,N,31,1,21-40 Years
105,2015,N,33,1,21-40 Years
106,2015,N,35,1,21-40 Years
107,2015,N,37,1,21-40 Years
108,2015,N,46,1,41-60 Years
109,2015,O,18,2,<=20 Years
110,2015,O,20,1,<=20 Years
111,2015,O,24,1,21-40 Years
112,2015,O,27,2,21-40 Years
113,2015,O,28,1,21-40 Years
114,2015,O,30,2,21-40 Years
115,2015,O,34,1,21-40 Years
116,2015,O,42,1,41-60 Years
117,2015,O,46,1,41-60 Years
118,2015,O,48,2,41-60 Years
119,2015,O,50,1,41-60 Years
120,2015,W,6,1,<=20 Years
121,2015,W,15,1,<=20 Years
122,2015,W,16,1,<=20 Years
123,2015,W,17,7,<=20 Years
124,2015,W,18,7,<=20 Years
125,2015,W,19,4,<=20 Years
126,2015,W,20,7,<=20 Years
127,2015,W,21,7,21-40 Years
128,2015,W,22,8,21-40 Years
129,2015,W,23,11,21-40 Years
130,2015,W,24,15,21-40 Years
131,2015,W,25,9,21-40 Years
132,2015,W,26,13,21-40 Years
133,2015,W,27,14,21-40 Years
134,2015,W,28,12,21-40 Years
135,2015,W,29,14,21-40 Years
136,2015,W,30,16,21-40 Years
137,2015,W,31,20,21-40 Years
138,2015,W,32,13,21-40 Years
139,2015,W,33,7,21-40 Years
140,2015,W,34,15,21-40 Years
141,2015,W,35,16,21-40 Years
142,2015,W,36,19,21-40 Years
143,2015,W,37,8,21-40 Years
144,2015,W,38,7,21-40 Years
145,2015,W,39,9,21-40 Years
146,2015,W,40,10,21-40 Years
147,2015,W,41,9,41-60 Years
148,2015,W,42,9,41-60 Years
149,2015,W,43,8,41-60 Years
150,2015,W,44,6,41-60 Years
151,2015,W,45,19,41-60 Years
152,2015,W,46,11,41-60 Years
153,2015,W,47,17,41-60 Years
154,2015,W,48,8,41-60 Years
155,2015,W,49,15,41-60 Years
156,2015,W,50,10,41-60 Years
157,2015,W,51,11,41-60 Years
158,2015,W,52,9,41-60 Years
159,2015,W,53,13,41-60 Years
160,2015,W,54,5,41-60 Years
161,2015,W,55,4,41-60 Years
162,2015,W,56,8,41-60 Years
163,2015,W,57,8,41-60 Years
164,2015,W,58,8,41-60 Years
165,2015,W,59,7,41-60 Years
166,2015,W,60,7,41-60 Years
167,2015,W,61,4,Over 60 Years
168,2015,W,62,4,Over 60 Years
169,2015,W,63,5,Over 60 Years
170,2015,W,64,2,Over 60 Years
171,2015,W,65,1,Over 60 Years
172,2015,W,66,3,Over 60 Years
173,2015,W,67,1,Over 60 Years
174,2015,W,68,3,Over 60 Years
175,2015,W,69,1,Over 60 Years
176,2015,W,71,2,Over 60 Years
177,2015,W,72,1,Over 60 Years
178,2015,W,75,1,Over 60 Years
179,2015,W,76,2,Over 60 Years
180,2015,W,83,1,Over 60 Years
181,2016,A,15,1,<=20 Years
182,2016,A,18,1,<=20 Years
183,2016,A,26,1,21-40 Years
184,2016,A,27,1,21-40 Years
185,2016,A,28,1,21-40 Years
186,2016,A,33,1,21-40 Years
187,2016,A,34,1,21-40 Years
188,2016,A,38,1,21-40 Years
189,2016,A,40,1,21-40 Years
190,2016,A,41,1,41-60 Years
191,2016,A,44,1,41-60 Years
192,2016,A,45,1,41-60 Years
193,2016,A,48,1,41-60 Years
194,2016,A,53,1,41-60 Years
195,2016,A,61,1,Over 60 Years
196,2016,B,13,1,<=20 Years
197,2016,B,15,1,<=20 Years
198,2016,B,16,2,<=20 Years
199,2016,B,17,2,<=20 Years
200,2016,B,18,14,<=20 Years
201,2016,B,19,9,<=20 Years
202,2016,B,20,5,<=20 Years
203,2016,B,21,8,21-40 Years
204,2016,B,22,10,21-40 Years
205,2016,B,23,9,21-40 Years
206,2016,B,24,10,21-40 Years
207,2016,B,25,16,21-40 Years
208,2016,B,26,4,21-40 Years
209,2016,B,27,6,21-40 Years
210,2016,B,28,5,21-40 Years
211,2016,B,29,9,21-40 Years
212,2016,B,30,7,21-40 Years
213,2016,B,31,11,21-40 Years
214,2016,B,32,9,21-40 Years
215,2016,B,33,12,21-40 Years
216,2016,B,34,3,21-40 Years
217,2016,B,35,5,21-40 Years
218,2016,B,36,5,21-40 Years
219,2016,B,37,11,21-40 Years
220,2016,B,38,7,21-40 Years
221,2016,B,39,3,21-40 Years
222,2016,B,40,6,21-40 Years
223,2016,B,41,4,41-60 Years
224,2016,B,42,1,41-60 Years
225,2016,B,43,5,41-60 Years
226,2016,B,44,2,41-60 Years
227,2016,B,46,2,41-60 Years
228,2016,B,47,1,41-60 Years
229,2016,B,48,2,41-60 Years
230,2016,B,49,2,41-60 Years
231,2016,B,50,3,41-60 Years
232,2016,B,52,3,41-60 Years
233,2016,B,55,2,41-60 Years
234,2016,B,56,1,41-60 Years
235,2016,B,57,2,41-60 Years
236,2016,B,61,2,Over 60 Years
237,2016,B,63,1,Over 60 Years
238,2016,B,66,1,Over 60 Years
239,2016,H,14,1,<=20 Years
240,2016,H,16,3,<=20 Years
241,2016,H,18,1,<=20 Years
242,2016,H,19,3,<=20 Years
243,2016,H,20,3,<=20 Years
244,2016,H,21,6,21-40 Years
245,2016,H,22,7,21-40 Years
246,2016,H,23,9,21-40 Years
247,2016,H,24,7,21-40 Years
248,2016,H,25,6,21-40 Years
249,2016,H,26,6,21-40 Years
250,2016,H,27,4,21-40 Years
251,2016,H,28,5,21-40 Years
252,2016,H,29,4,21-40 Years
253,2016,H,30,6,21-40 Years
254,2016,H,31,8,21-40 Years
255,2016,H,32,6,21-40 Years
256,2016,H,33,5,21-40 Years
257,2016,H,34,4,21-40 Years
258,2016,H,35,5,21-40 Years
259,2016,H,36,7,21-40 Years
260,2016,H,37,4,21-40 Years
261,2016,H,38,9,21-40 Years
262,2016,H,39,4,21-40 Years
263,2016,H,41,6,41-60 Years
264,2016,H,42,2,41-60 Years
265,2016,H,43,2,41-60 Years
266,2016,H,44,2,41-60 Years
267,2016,H,45,3,41-60 Years
268,2016,H,46,2,41-60 Years
269,2016,H,47,1,41-60 Years
270,2016,H,48,2,41-60 Years
271,2016,H,50,4,41-60 Years
272,2016,H,52,1,41-60 Years
273,2016,H,55,1,41-60 Years
274,2016,H,62,1,Over 60 Years
275,2016,H,64,1,Over 60 Years
276,2016,H,65,1,Over 60 Years
277,2016,H,71,1,Over 60 Years
278,2016,H,73,1,Over 60 Years
279,2016,H,80,1,Over 60 Years
280,2016,N,19,1,<=20 Years
281,2016,N,22,1,21-40 Years
282,2016,N,23,1,21-40 Years
283,2016,N,26,1,21-40 Years
284,2016,N,27,1,21-40 Years
285,2016,N,29,2,21-40 Years
286,2016,N,31,1,21-40 Years
287,2016,N,32,1,21-40 Years
288,2016,N,34,1,21-40 Years
289,2016,N,36,2,21-40 Years
290,2016,N,38,1,21-40 Years
291,2016,N,43,1,41-60 Years
292,2016,N,44,1,41-60 Years
293,2016,N,49,1,41-60 Years
294,2016,O,18,1,<=20 Years
295,2016,O,22,1,21-40 Years
296,2016,O,25,1,21-40 Years
297,2016,O,29,3,21-40 Years
298,2016,O,30,1,21-40 Years
299,2016,O,36,1,21-40 Years
300,2016,O,38,1,21-40 Years
301,2016,O,54,1,41-60 Years
302,2016,O,56,1,41-60 Years
303,2016,W,12,1,<=20 Years
304,2016,W,16,1,<=20 Years
305,2016,W,17,3,<=20 Years
306,2016,W,18,3,<=20 Years
307,2016,W,19,5,<=20 Years
308,2016,W,20,3,<=20 Years
309,2016,W,21,3,21-40 Years
310,2016,W,22,9,21-40 Years
311,2016,W,23,7,21-40 Years
312,2016,W,24,8,21-40 Years
313,2016,W,25,16,21-40 Years
314,2016,W,26,17,21-40 Years
315,2016,W,27,6,21-40 Years
316,2016,W,28,10,21-40 Years
317,2016,W,29,16,21-40 Years
318,2016,W,30,15,21-40 Years
319,2016,W,31,16,21-40 Years
320,2016,W,32,13,21-40 Years
321,2016,W,33,14,21-40 Years
322,2016,W,34,13,21-40 Years
323,2016,W,35,11,21-40 Years
324,2016,W,36,24,21-40 Years
325,2016,W,37,16,21-40 Years
326,2016,W,38,16,21-40 Years
327,2016,W,39,8,21-40 Years
328,2016,W,40,10,21-40 Years
329,2016,W,41,9,41-60 Years
330,2016,W,42,9,41-60 Years
331,2016,W,43,14,41-60 Years
332,2016,W,44,9,41-60 Years
333,2016,W,45,12,41-60 Years
334,2016,W,46,8,41-60 Years
335,2016,W,47,3,41-60 Years
336,2016,W,48,5,41-60 Years
337,2016,W,49,9,41-60 Years
338,2016,W,50,10,41-60 Years
339,2016,W,51,11,41-60 Years
340,2016,W,52,12,41-60 Years
341,2016,W,53,13,41-60 Years
342,2016,W,54,8,41-60 Years
343,2016,W,55,10,41-60 Years
344,2016,W,56,9,41-60 Years
345,2016,W,57,2,41-60 Years
346,2016,W,58,6,41-60 Years
347,2016,W,59,12,41-60 Years
348,2016,W,60,6,41-60 Years
349,2016,W,61,2,Over 60 Years
350,2016,W,62,1,Over 60 Years
351,2016,W,63,4,Over 60 Years
352,2016,W,64,2,Over 60 Years
353,2016,W,65,1,Over 60 Years
354,2016,W,67,2,Over 60 Years
355,2016,W,68,1,Over 60 Years
356,2016,W,69,5,Over 60 Years
357,2016,W,70,2,Over 60 Years
358,2016,W,71,1,Over 60 Years
359,2016,W,72,1,Over 60 Years
360,2016,W,76,2,Over 60 Years
361,2016,W,82,1,Over 60 Years
362,2016,W,83,1,Over 60 Years
363,2017,A,18,1,<=20 Years
364,2017,A,19,1,<=20 Years
365,2017,A,20,1,<=20 Years
366,2017,A,22,2,21-40 Years
367,2017,A,28,1,21-40 Years
368,2017,A,29,1,21-40 Years
369,2017,A,30,1,21-40 Years
370,2017,A,32,1,21-40 Years
371,2017,A,33,2,21-40 Years
372,2017,A,37,1,21-40 Years
373,2017,A,41,1,41-60 Years
374,2017,A,43,1,41-60 Years
375,2017,A,45,1,41-60 Years
376,2017,A,56,1,41-60 Years
377,2017,B,15,3,<=20 Years
378,2017,B,16,2,<=20 Years
379,2017,B,17,7,<=20 Years
380,2017,B,18,3,<=20 Years
381,2017,B,19,4,<=20 Years
382,2017,B,20,7,<=20 Years
383,2017,B,21,6,21-40 Years
384,2017,B,22,6,21-40 Years
385,2017,B,23,11,21-40 Years
386,2017,B,24,14,21-40 Years
387,2017,B,25,14,21-40 Years
388,2017,B,26,3,21-40 Years
389,2017,B,27,13,21-40 Years
390,2017,B,28,7,21-40 Years
391,2017,B,29,6,21-40 Years
392,2017,B,30,7,21-40 Years
393,2017,B,31,8,21-40 Years
394,2017,B,32,10,21-40 Years
395,2017,B,33,6,21-40 Years
396,2017,B,34,7,21-40 Years
397,2017,B,35,5,21-40 Years
398,2017,B,36,2,21-40 Years
399,2017,B,37,8,21-40 Years
400,2017,B,38,1,21-40 Years
401,2017,B,39,6,21-40 Years
402,2017,B,40,1,21-40 Years
403,2017,B,41,6,41-60 Years
404,2017,B,42,5,41-60 Years
405,2017,B,43,1,41-60 Years
406,2017,B,44,2,41-60 Years
407,2017,B,45,3,41-60 Years
408,2017,B,46,6,41-60 Years
409,2017,B,47,4,41-60 Years
410,2017,B,48,3,41-60 Years
411,2017,B,49,2,41-60 Years
412,2017,B,50,4,41-60 Years
413,2017,B,51,4,41-60 Years
414,2017,B,54,2,41-60 Years
415,2017,B,55,2,41-60 Years
416,2017,B,56,2,41-60 Years
417,2017,B,57,2,41-60 Years
418,2017,B,63,2,Over 60 Years
419,2017,B,67,1,Over 60 Years
420,2017,B,68,2,Over 60 Years
421,2017,H,15,1,<=20 Years
422,2017,H,16,4,<=20 Years
423,2017,H,17,2,<=20 Years
424,2017,H,18,6,<=20 Years
425,2017,H,19,4,<=20 Years
426,2017,H,20,5,<=20 Years
427,2017,H,21,3,21-40 Years
428,2017,H,22,5,21-40 Years
429,2017,H,23,4,21-40 Years
430,2017,H,24,8,21-40 Years
431,2017,H,25,9,21-40 Years
432,2017,H,26,10,21-40 Years
433,2017,H,27,6,21-40 Years
434,2017,H,28,7,21-40 Years
435,2017,H,29,5,21-40 Years
436,2017,H,30,1,21-40 Years
437,2017,H,31,5,21-40 Years
438,2017,H,32,5,21-40 Years
439,2017,H,33,9,21-40 Years
440,2017,H,34,7,21-40 Years
441,2017,H,35,9,21-40 Years
442,2017,H,36,3,21-40 Years
443,2017,H,37,8,21-40 Years
444,2017,H,38,5,21-40 Years
445,2017,H,39,5,21-40 Years
446,2017,H,40,3,21-40 Years
447,2017,H,41,3,41-60 Years
448,2017,H,42,2,41-60 Years
449,2017,H,43,2,41-60 Years
450,2017,H,44,5,41-60 Years
451,2017,H,45,6,41-60 Years
452,2017,H,46,2,41-60 Years
453,2017,H,47,1,41-60 Years
454,2017,H,48,1,41-60 Years
455,2017,H,50,1,41-60 Years
456,2017,H,52,3,41-60 Years
457,2017,H,53,1,41-60 Years
458,2017,H,54,1,41-60 Years
459,2017,H,55,3,41-60 Years
460,2017,H,58,2,41-60 Years
461,2017,H,59,1,41-60 Years
462,2017,H,63,1,Over 60 Years
463,2017,H,69,1,Over 60 Years
464,2017,H,70,1,Over 60 Years
465,2017,H,71,1,Over 60 Years
466,2017,N,14,1,<=20 Years
467,2017,N,19,1,<=20 Years
468,2017,N,20,1,<=20 Years
469,2017,N,21,1,21-40 Years
470,2017,N,24,2,21-40 Years
471,2017,N,25,2,21-40 Years
472,2017,N,27,1,21-40 Years
473,2017,N,28,2,21-40 Years
474,2017,N,30,3,21-40 Years
475,2017,N,32,1,21-40 Years
476,2017,N,33,2,21-40 Years
477,2017,N,34,1,21-40 Years
478,2017,N,35,1,21-40 Years
479,2017,N,36,1,21-40 Years
480,2017,N,43,1,41-60 Years
481,2017,N,53,1,41-60 Years
482,2017,O,25,2,21-40 Years
483,2017,O,27,1,21-40 Years
484,2017,O,29,1,21-40 Years
485,2017,O,38,1,21-40 Years
486,2017,O,41,1,41-60 Years
487,2017,W,6,1,<=20 Years
488,2017,W,15,2,<=20 Years
489,2017,W,16,3,<=20 Years
490,2017,W,17,2,<=20 Years
491,2017,W,18,6,<=20 Years
492,2017,W,19,2,<=20 Years
493,2017,W,20,2,<=20 Years
494,2017,W,21,3,21-40 Years
495,2017,W,22,6,21-40 Years
496,2017,W,23,8,21-40 Years
497,2017,W,24,12,21-40 Years
498,2017,W,25,19,21-40 Years
499,2017,W,26,17,21-40 Years
500,2017,W,27,9,21-40 Years
501,2017,W,28,12,21-40 Years
502,2017,W,29,6,21-40 Years
503,2017,W,30,14,21-40 Years
504,2017,W,31,11,21-40 Years
505,2017,W,32,21,21-40 Years
506,2017,W,33,19,21-40 Years
507,2017,W,34,15,21-40 Years
508,2017,W,35,15,21-40 Years
509,2017,W,36,13,21-40 Years
510,2017,W,37,10,21-40 Years
511,2017,W,38,9,21-40 Years
512,2017,W,39,10,21-40 Years
513,2017,W,40,14,21-40 Years
514,2017,W,41,9,41-60 Years
515,2017,W,42,8,41-60 Years
516,2017,W,43,7,41-60 Years
517,2017,W,44,9,41-60 Years
518,2017,W,45,12,41-60 Years
519,2017,W,46,8,41-60 Years
520,2017,W,47,9,41-60 Years
521,2017,W,48,14,41-60 Years
522,2017,W,49,5,41-60 Years
523,2017,W,50,15,41-60 Years
524,2017,W,51,10,41-60 Years
525,2017,W,52,3,41-60 Years
526,2017,W,53,11,41-60 Years
527,2017,W,54,10,41-60 Years
528,2017,W,55,5,41-60 Years
529,2017,W,56,7,41-60 Years
530,2017,W,57,5,41-60 Years
531,2017,W,58,4,41-60 Years
532,2017,W,59,9,41-60 Years
533,2017,W,60,2,41-60 Years
534,2017,W,61,1,Over 60 Years
535,2017,W,62,6,Over 60 Years
536,2017,W,64,6,Over 60 Years
537,2017,W,65,4,Over 60 Years
538,2017,W,66,4,Over 60 Years
539,2017,W,67,2,Over 60 Years
540,2017,W,68,1,Over 60 Years
541,2017,W,69,1,Over 60 Years
542,2017,W,70,3,Over 60 Years
543,2017,W,71,1,Over 60 Years
544,2017,W,73,1,Over 60 Years
545,2017,W,74,1,Over 60 Years
546,2017,W,75,1,Over 60 Years
547,2017,W,76,1,Over 60 Years
548,2017,W,79,1,Over 60 Years
549,2017,W,82,1,Over 60 Years
550,2017,W,91,1,Over 60 Years
551,2018,A,18,1,<=20 Years
552,2018,A,21,1,21-40 Years
553,2018,A,25,1,21-40 Years
554,2018,A,27,2,21-40 Years
555,2018,A,30,1,21-40 Years
556,2018,A,34,1,21-40 Years
557,2018,A,35,1,21-40 Years
558,2018,A,36,3,21-40 Years
559,2018,A,38,2,21-40 Years
560,2018,A,42,1,41-60 Years
561,2018,A,44,1,41-60 Years
562,2018,A,48,1,41-60 Years
563,2018,A,52,1,41-60 Years
564,2018,A,53,1,41-60 Years
565,2018,A,55,1,41-60 Years
566,2018,A,60,1,41-60 Years
567,2018,A,62,1,Over 60 Years
568,2018,B,16,2,<=20 Years
569,2018,B,17,4,<=20 Years
570,2018,B,18,4,<=20 Years
571,2018,B,19,5,<=20 Years
572,2018,B,20,5,<=20 Years
573,2018,B,21,8,21-40 Years
574,2018,B,22,5,21-40 Years
575,2018,B,23,6,21-40 Years
576,2018,B,24,9,21-40 Years
577,2018,B,25,10,21-40 Years
578,2018,B,26,5,21-40 Years
579,2018,B,27,12,21-40 Years
580,2018,B,28,10,21-40 Years
581,2018,B,29,8,21-40 Years
582,2018,B,30,8,21-40 Years
583,2018,B,31,8,21-40 Years
584,2018,B,32,4,21-40 Years
585,2018,B,33,11,21-40 Years
586,2018,B,34,7,21-40 Years
587,2018,B,35,7,21-40 Years
588,2018,B,36,5,21-40 Years
589,2018,B,37,9,21-40 Years
590,2018,B,38,4,21-40 Years
591,2018,B,39,9,21-40 Years
592,2018,B,40,6,21-40 Years
593,2018,B,41,8,41-60 Years
594,2018,B,42,3,41-60 Years
595,2018,B,43,5,41-60 Years
596,2018,B,44,1,41-60 Years
597,2018,B,45,3,41-60 Years
598,2018,B,46,2,41-60 Years
599,2018,B,47,4,41-60 Years
600,2018,B,48,8,41-60 Years
601,2018,B,49,2,41-60 Years
602,2018,B,52,1,41-60 Years
603,2018,B,53,1,41-60 Years
604,2018,B,54,2,41-60 Years
605,2018,B,59,1,41-60 Years
606,2018,B,60,3,41-60 Years
607,2018,B,61,1,Over 60 Years
608,2018,B,62,1,Over 60 Years
609,2018,B,63,1,Over 60 Years
610,2018,B,64,1,Over 60 Years
611,2018,B,65,1,Over 60 Years
612,2018,B,67,1,Over 60 Years
613,2018,B,68,1,Over 60 Years
614,2018,B,72,1,Over 60 Years
615,2018,H,15,1,<=20 Years
616,2018,H,17,2,<=20 Years
617,2018,H,18,6,<=20 Years
618,2018,H,19,5,<=20 Years
619,2018,H,20,2,<=20 Years
620,2018,H,21,4,21-40 Years
621,2018,H,22,6,21-40 Years
622,2018,H,23,6,21-40 Years
623,2018,H,24,5,21-40 Years
624,2018,H,25,2,21-40 Years
625,2018,H,26,3,21-40 Years
626,2018,H,27,8,21-40 Years
627,2018,H,28,3,21-40 Years
628,2018,H,29,10,21-40 Years
629,2018,H,30,3,21-40 Years
630,2018,H,32,7,21-40 Years
631,2018,H,33,5,21-40 Years
632,2018,H,34,8,21-40 Years
633,2018,H,35,4,21-40 Years
634,2018,H,36,5,21-40 Years
635,2018,H,37,7,21-40 Years
636,2018,H,38,3,21-40 Years
637,2018,H,39,2,21-40 Years
638,2018,H,40,3,21-40 Years
639,2018,H,41,3,41-60 Years
640,2018,H,42,5,41-60 Years
641,2018,H,43,1,41-60 Years
642,2018,H,44,6,41-60 Years
643,2018,H,45,3,41-60 Years
644,2018,H,46,4,41-60 Years
645,2018,H,47,3,41-60 Years
646,2018,H,48,2,41-60 Years
647,2018,H,49,3,41-60 Years
648,2018,H,50,2,41-60 Years
649,2018,H,51,2,41-60 Years
650,2018,H,53,1,41-60 Years
651,2018,H,55,2,41-60 Years
652,2018,H,56,1,41-60 Years
653,2018,H,57,5,41-60 Years
654,2018,H,58,1,41-60 Years
655,2018,H,60,1,41-60 Years
656,2018,H,70,2,Over 60 Years
657,2018,N,20,1,<=20 Years
658,2018,N,21,1,21-40 Years
659,2018,N,24,1,21-40 Years
660,2018,N,27,2,21-40 Years
661,2018,N,32,3,21-40 Years
662,2018,N,34,1,21-40 Years
663,2018,N,36,1,21-40 Years
664,2018,N,37,1,21-40 Years
665,2018,N,39,1,21-40 Years
666,2018,N,43,2,41-60 Years
667,2018,N,50,1,41-60 Years
668,2018,O,26,1,21-40 Years
669,2018,O,32,1,21-40 Years
670,2018,O,33,1,21-40 Years
671,2018,W,16,4,<=20 Years
672,2018,W,17,2,<=20 Years
673,2018,W,18,7,<=20 Years
674,2018,W,19,5,<=20 Years
675,2018,W,20,9,<=20 Years
676,2018,W,21,7,21-40 Years
677,2018,W,22,4,21-40 Years
678,2018,W,23,13,21-40 Years
679,2018,W,24,11,21-40 Years
680,2018,W,25,15,21-40 Years
681,2018,W,26,12,21-40 Years
682,2018,W,27,16,21-40 Years
683,2018,W,28,6,21-40 Years
684,2018,W,29,13,21-40 Years
685,2018,W,30,9,21-40 Years
686,2018,W,31,13,21-40 Years
687,2018,W,32,12,21-40 Years
688,2018,W,33,18,21-40 Years
689,2018,W,34,13,21-40 Years
690,2018,W,35,9,21-40 Years
691,2018,W,36,16,21-40 Years
692,2018,W,37,10,21-40 Years
693,2018,W,38,9,21-40 Years
694,2018,W,39,12,21-40 Years
695,2018,W,40,14,21-40 Years
696,2018,W,41,14,41-60 Years
697,2018,W,42,11,41-60 Years
698,2018,W,43,5,41-60 Years
699,2018,W,44,12,41-60 Years
700,2018,W,45,8,41-60 Years
701,2018,W,46,9,41-60 Years
702,2018,W,47,7,41-60 Years
703,2018,W,48,9,41-60 Years
704,2018,W,49,9,41-60 Years
705,2018,W,50,8,41-60 Years
706,2018,W,51,5,41-60 Years
707,2018,W,52,5,41-60 Years
708,2018,W,53,4,41-60 Years
709,2018,W,54,7,41-60 Years
710,2018,W,55,7,41-60 Years
711,2018,W,56,10,41-60 Years
712,2018,W,57,1,41-60 Years
713,2018,W,58,8,41-60 Years
714,2018,W,59,6,41-60 Years
715,2018,W,60,2,41-60 Years
716,2018,W,61,8,Over 60 Years
717,2018,W,62,4,Over 60 Years
718,2018,W,63,3,Over 60 Years
719,2018,W,64,4,Over 60 Years
720,2018,W,65,6,Over 60 Years
721,2018,W,66,2,Over 60 Years
722,2018,W,67,1,Over 60 Years
723,2018,W,68,1,Over 60 Years
724,2018,W,70,1,Over 60 Years
725,2018,W,71,2,Over 60 Years
726,2018,W,72,2,Over 60 Years
727,2018,W,73,1,Over 60 Years
728,2018,W,76,1,Over 60 Years
729,2018,W,77,1,Over 60 Years
730,2018,W,78,1,Over 60 Years
731,2018,W,81,1,Over 60 Years
732,2018,W,84,3,Over 60 Years
733,2019,A,16,1,<=20 Years
734,2019,A,20,1,<=20 Years
735,2019,A,23,1,21-40 Years
736,2019,A,26,1,21-40 Years
737,2019,A,31,1,21-40 Years
738,2019,A,32,2,21-40 Years
739,2019,A,34,1,21-40 Years
740,2019,A,35,1,21-40 Years
741,2019,A,38,2,21-40 Years
742,2019,A,45,1,41-60 Years
743,2019,A,46,1,41-60 Years
744,2019,A,47,1,41-60 Years
745,2019,A,49,2,41-60 Years
746,2019,A,52,1,41-60 Years
747,2019,A,54,1,41-60 Years
748,2019,B,17,4,<=20 Years
749,2019,B,18,9,<=20 Years
750,2019,B,19,8,<=20 Years
751,2019,B,20,7,<=20 Years
752,2019,B,21,9,21-40 Years
753,2019,B,22,11,21-40 Years
754,2019,B,23,8,21-40 Years
755,2019,B,24,9,21-40 Years
756,2019,B,25,6,21-40 Years
757,2019,B,26,7,21-40 Years
758,2019,B,27,12,21-40 Years
759,2019,B,28,11,21-40 Years
760,2019,B,29,3,21-40 Years
761,2019,B,30,11,21-40 Years
762,2019,B,31,17,21-40 Years
763,2019,B,32,11,21-40 Years
764,2019,B,33,6,21-40 Years
765,2019,B,34,7,21-40 Years
766,2019,B,35,5,21-40 Years
767,2019,B,36,4,21-40 Years
768,2019,B,37,7,21-40 Years
769,2019,B,38,4,21-40 Years
770,2019,B,39,8,21-40 Years
771,2019,B,40,4,21-40 Years
772,2019,B,41,5,41-60 Years
773,2019,B,42,2,41-60 Years
774,2019,B,43,3,41-60 Years
775,2019,B,44,2,41-60 Years
776,2019,B,45,4,41-60 Years
777,2019,B,46,4,41-60 Years
778,2019,B,47,3,41-60 Years
779,2019,B,48,1,41-60 Years
780,2019,B,49,4,41-60 Years
781,2019,B,50,2,41-60 Years
782,2019,B,51,2,41-60 Years
783,2019,B,52,2,41-60 Years
784,2019,B,53,1,41-60 Years
785,2019,B,54,2,41-60 Years
786,2019,B,55,1,41-60 Years
787,2019,B,57,2,41-60 Years
788,2019,B,58,2,41-60 Years
789,2019,B,60,1,41-60 Years
790,2019,B,61,3,Over 60 Years
791,2019,B,62,1,Over 60 Years
792,2019,B,65,1,Over 60 Years
793,2019,B,67,1,Over 60 Years
794,2019,B,68,2,Over 60 Years
795,2019,B,70,1,Over 60 Years
796,2019,B,74,1,Over 60 Years
797,2019,H,14,1,<=20 Years
798,2019,H,16,2,<=20 Years
799,2019,H,17,3,<=20 Years
800,2019,H,18,5,<=20 Years
801,2019,H,19,1,<=20 Years
802,2019,H,20,4,<=20 Years
803,2019,H,21,4,21-40 Years
804,2019,H,22,4,21-40 Years
805,2019,H,24,2,21-40 Years
806,2019,H,25,2,21-40 Years
807,2019,H,26,7,21-40 Years
808,2019,H,27,4,21-40 Years
809,2019,H,28,6,21-40 Years
810,2019,H,29,9,21-40 Years
811,2019,H,30,4,21-40 Years
812,2019,H,31,1,21-40 Years
813,2019,H,32,4,21-40 Years
814,2019,H,33,8,21-40 Years
815,2019,H,34,9,21-40 Years
816,2019,H,35,10,21-40 Years
817,2019,H,36,2,21-40 Years
818,2019,H,37,10,21-40 Years
819,2019,H,38,9,21-40 Years
820,2019,H,39,4,21-40 Years
821,2019,H,40,3,21-40 Years
822,2019,H,41,5,41-60 Years
823,2019,H,42,4,41-60 Years
824,2019,H,43,1,41-60 Years
825,2019,H,45,2,41-60 Years
826,2019,H,46,2,41-60 Years
827,2019,H,47,4,41-60 Years
828,2019,H,48,1,41-60 Years
829,2019,H,49,1,41-60 Years
830,2019,H,50,4,41-60 Years
831,2019,H,51,3,41-60 Years
832,2019,H,52,4,41-60 Years
833,2019,H,53,1,41-60 Years
834,2019,H,55,1,41-60 Years
835,2019,H,57,1,41-60 Years
836,2019,H,59,1,41-60 Years
837,2019,H,61,1,Over 60 Years
838,2019,H,62,1,Over 60 Years
839,2019,H,63,1,Over 60 Years
840,2019,N,18,1,<=20 Years
841,2019,N,25,2,21-40 Years
842,2019,N,27,2,21-40 Years
843,2019,N,32,1,21-40 Years
844,2019,N,34,1,21-40 Years
845,2019,N,35,1,21-40 Years
846,2019,N,39,1,21-40 Years
847,2019,N,40,1,21-40 Years
848,2019,N,42,1,41-60 Years
849,2019,N,58,1,41-60 Years
850,2019,O,23,1,21-40 Years
851,2019,O,27,1,21-40 Years
852,2019,O,30,1,21-40 Years
853,2019,O,34,1,21-40 Years
854,2019,O,36,1,21-40 Years
855,2019,O,40,1,21-40 Years
856,2019,O,45,1,41-60 Years
857,2019,O,51,1,41-60 Years
858,2019,O,59,1,41-60 Years
859,2019,W,17,2,<=20 Years
860,2019,W,18,1,<=20 Years
861,2019,W,19,3,<=20 Years
862,2019,W,20,9,<=20 Years
863,2019,W,21,3,21-40 Years
864,2019,W,22,3,21-40 Years
865,2019,W,23,6,21-40 Years
866,2019,W,24,5,21-40 Years
867,2019,W,25,9,21-40 Years
868,2019,W,26,9,21-40 Years
869,2019,W,27,11,21-40 Years
870,2019,W,28,18,21-40 Years
871,2019,W,29,17,21-40 Years
872,2019,W,30,10,21-40 Years
873,2019,W,31,13,21-40 Years
874,2019,W,32,7,21-40 Years
875,2019,W,33,12,21-40 Years
876,2019,W,34,17,21-40 Years
877,2019,W,35,10,21-40 Years
878,2019,W,36,8,21-40 Years
879,2019,W,37,7,21-40 Years
880,2019,W,38,10,21-40 Years
881,2019,W,39,7,21-40 Years
882,2019,W,40,7,21-40 Years
883,2019,W,41,10,41-60 Years
884,2019,W,42,12,41-60 Years
885,2019,W,43,7,41-60 Years
886,2019,W,44,6,41-60 Years
887,2019,W,45,10,41-60 Years
888,2019,W,46,10,41-60 Years
889,2019,W,47,12,41-60 Years
890,2019,W,48,9,41-60 Years
891,2019,W,49,9,41-60 Years
892,2019,W,50,5,41-60 Years
893,2019,W,51,9,41-60 Years
894,2019,W,52,5,41-60 Years
895,2019,W,53,4,41-60 Years
896,2019,W,54,5,41-60 Years
897,2019,W,55,4,41-60 Years
898,2019,W,56,8,41-60 Years
899,2019,W,57,9,41-60 Years
900,2019,W,58,11,41-60 Years
901,2019,W,59,6,41-60 Years
902,2019,W,60,3,41-60 Years
903,2019,W,61,5,Over 60 Years
904,2019,W,62,4,Over 60 Years
905,2019,W,63,4,Over 60 Years
906,2019,W,64,2,Over 60 Years
907,2019,W,65,3,Over 60 Years
908,2019,W,66,2,Over 60 Years
909,2019,W,67,1,Over 60 Years
910,2019,W,68,2,Over 60 Years
911,2019,W,69,1,Over 60 Years
912,2019,W,70,1,Over 60 Years
913,2019,W,74,1,Over 60 Years
914,2019,W,75,1,Over 60 Years
915,2019,W,76,2,Over 60 Years
916,2019,W,77,1,Over 60 Years
917,2019,W,80,1,Over 60 Years
918,2020,A,16,1,<=20 Years
919,2020,A,25,1,21-40 Years
920,2020,A,26,1,21-40 Years
921,2020,A,32,1,21-40 Years
922,2020,A,33,2,21-40 Years
923,2020,A,50,1,41-60 Years
924,2020,A,60,1,41-60 Years
925,2020,B,15,1,<=20 Years
926,2020,B,17,4,<=20 Years
927,2020,B,18,2,<=20 Years
928,2020,B,19,5,<=20 Years
929,2020,B,20,3,<=20 Years
930,2020,B,21,4,21-40 Years
931,2020,B,22,3,21-40 Years
932,2020,B,23,5,21-40 Years
933,2020,B,24,5,21-40 Years
934,2020,B,25,2,21-40 Years
935,2020,B,26,5,21-40 Years
936,2020,B,27,4,21-40 Years
937,2020,B,28,4,21-40 Years
938,2020,B,29,3,21-40 Years
939,2020,B,30,3,21-40 Years
940,2020,B,31,6,21-40 Years
941,2020,B,32,4,21-40 Years
942,2020,B,33,3,21-40 Years
943,2020,B,34,1,21-40 Years
944,2020,B,35,4,21-40 Years
945,2020,B,37,1,21-40 Years
946,2020,B,38,5,21-40 Years
947,2020,B,39,3,21-40 Years
948,2020,B,40,2,21-40 Years
949,2020,B,41,1,41-60 Years
950,2020,B,43,2,41-60 Years
951,2020,B,44,1,41-60 Years
952,2020,B,45,2,41-60 Years
953,2020,B,46,1,41-60 Years
954,2020,B,47,5,41-60 Years
955,2020,B,48,1,41-60 Years
956,2020,B,49,2,41-60 Years
957,2020,B,52,1,41-60 Years
958,2020,B,53,2,41-60 Years
959,2020,B,55,1,41-60 Years
960,2020,B,56,1,41-60 Years
961,2020,B,60,1,41-60 Years
962,2020,B,61,1,Over 60 Years
963,2020,B,62,1,Over 60 Years
964,2020,B,66,1,Over 60 Years
965,2020,H,17,1,<=20 Years
966,2020,H,18,2,<=20 Years
967,2020,H,19,1,<=20 Years
968,2020,H,20,1,<=20 Years
969,2020,H,21,3,21-40 Years
970,2020,H,22,5,21-40 Years
971,2020,H,24,2,21-40 Years
972,2020,H,25,5,21-40 Years
973,2020,H,26,1,21-40 Years
974,2020,H,27,2,21-40 Years
975,2020,H,28,2,21-40 Years
976,2020,H,29,2,21-40 Years
977,2020,H,30,6,21-40 Years
978,2020,H,31,8,21-40 Years
979,2020,H,33,1,21-40 Years
980,2020,H,36,2,21-40 Years
981,2020,H,37,3,21-40 Years
982,2020,H,38,4,21-40 Years
983,2020,H,39,2,21-40 Years
984,2020,H,40,2,21-40 Years
985,2020,H,41,1,41-60 Years
986,2020,H,42,2,41-60 Years
987,2020,H,43,1,41-60 Years
988,2020,H,44,1,41-60 Years
989,2020,H,45,1,41-60 Years
990,2020,H,46,1,41-60 Years
991,2020,H,47,1,41-60 Years
992,2020,H,50,1,41-60 Years
993,2020,H,51,1,41-60 Years
994,2020,H,52,1,41-60 Years
995,2020,H,58,1,41-60 Years
996,2020,N,25,1,21-40 Years
997,2020,N,27,1,21-40 Years
998,2020,N,51,1,41-60 Years
999,2020,O,20,1,<=20 Years
1000,2020,O,22,1,21-40 Years
1001,2020,O,31,1,21-40 Years
1002,2020,W,16,1,<=20 Years
1003,2020,W,18,1,<=20 Years
1004,2020,W,19,3,<=20 Years
1005,2020,W,20,2,<=20 Years
1006,2020,W,21,2,21-40 Years
1007,2020,W,22,2,21-40 Years
1008,2020,W,23,1,21-40 Years
1009,2020,W,24,6,21-40 Years
1010,2020,W,25,2,21-40 Years
1011,2020,W,26,4,21-40 Years
1012,2020,W,27,5,21-40 Years
1013,2020,W,28,5,21-40 Years
1014,2020,W,29,6,21-40 Years
1015,2020,W,30,7,21-40 Years
1016,2020,W,31,10,21-40 Years
1017,2020,W,32,12,21-40 Years
1018,2020,W,33,7,21-40 Years
1019,2020,W,34,8,21-40 Years
1020,2020,W,35,5,21-40 Years
1021,2020,W,36,5,21-40 Years
1022,2020,W,37,6,21-40 Years
1023,2020,W,38,8,21-40 Years
1024,2020,W,39,8,21-40 Years
1025,2020,W,40,7,21-40 Years
1026,2020,W,41,5,41-60 Years
1027,2020,W,42,5,41-60 Years
1028,2020,W,43,6,41-60 Years
1029,2020,W,44,4,41-60 Years
1030,2020,W,45,5,41-60 Years
1031,2020,W,46,2,41-60 Years
1032,2020,W,47,6,41-60 Years
1033,2020,W,48,3,41-60 Years
1034,2020,W,49,2,41-60 Years
1035,2020,W,50,5,41-60 Years
1036,2020,W,51,3,41-60 Years
1037,2020,W,52,1,41-60 Years
1038,2020,W,53,2,41-60 Years
1039,2020,W,54,2,41-60 Years
1040,2020,W,55,1,41-60 Years
1041,2020,W,56,2,41-60 Years
1042,2020,W,57,6,41-60 Years
1043,2020,W,58,3,41-60 Years
1044,2020,W,59,3,41-60 Years
1045,2020,W,61,1,Over 60 Years
1046,2020,W,62,3,Over 60 Years
1047,2020,W,63,1,Over 60 Years
1048,2020,W,64,1,Over 60 Years
1049,2020,W,66,1,Over 60 Years
1050,2020,W,67,2,Over 60 Years
1051,2020,W,69,3,Over 60 Years
1052,2020,W,73,1,Over 60 Years
1053,2020,W,75,1,Over 60 Years
1054,2020,W,84,1,Over 60 Years
